{"WM": [849.336, 499.72505350842675], 
 "0.0": [767.415, 444.54134428082165], 
 "0.05": [868.028, 508.2369852893432], 
 "0.3": [801.703, 487.17045352833134], 
 "0.1": [933.329, 552.3131781507661], 
 "0.2": [867.134, 505.676616073949], 
 "0.5": [205.101, 42.85133368986314]}
